Grade,BraTS_2019_subject_ID,NCR,ED,ET,WT,TC
HGG,BraTS19_CBICA_AAB_1,15443,168794,27742,211979,43185
HGG,BraTS19_CBICA_AAG_1,9160,51299,6549,67008,15709
HGG,BraTS19_CBICA_AAP_1,10902,77096,15498,103496,26400
HGG,BraTS19_CBICA_ABB_1,3624,7553,10786,21963,14410
HGG,BraTS19_CBICA_ABE_1,19827,94456,24947,139230,44774
HGG,BraTS19_CBICA_ABM_1,3398,30215,6159,39772,9557
HGG,BraTS19_CBICA_ABO_1,25359,106834,50901,183094,76260
HGG,BraTS19_CBICA_ABY_1,521,37588,6473,44582,6994
HGG,BraTS19_CBICA_ALN_1,4603,44753,5774,55130,10377
HGG,BraTS19_CBICA_ALU_1,2307,23771,5973,32051,8280
HGG,BraTS19_CBICA_AME_1,9313,52828,18255,80396,27568
HGG,BraTS19_CBICA_AMH_1,8675,107610,9002,125287,17677
HGG,BraTS19_CBICA_ANG_1,28051,86107,13031,127189,41082
HGG,BraTS19_CBICA_ANI_1,7491,86045,7222,100758,14713
HGG,BraTS19_CBICA_ANZ_1,10734,23250,9813,43797,20547
HGG,BraTS19_CBICA_AOD_1,91299,56966,27410,175675,118709
HGG,BraTS19_CBICA_AOH_1,2666,31189,3003,36858,5669
HGG,BraTS19_CBICA_AOO_1,12416,37481,18221,68118,30637
HGG,BraTS19_CBICA_AOZ_1,5200,67155,23272,95627,28472
HGG,BraTS19_CBICA_APR_1,19476,36528,17433,73437,36909
HGG,BraTS19_CBICA_APY_1,11237,145705,23676,180618,34913
HGG,BraTS19_CBICA_APZ_1,8653,41235,16760,66648,25413
HGG,BraTS19_CBICA_AQD_1,1693,54960,5701,62354,7394
HGG,BraTS19_CBICA_AQG_1,1748,92012,6149,99909,7897
HGG,BraTS19_CBICA_AQJ_1,6619,58882,22108,87609,28727
HGG,BraTS19_CBICA_AQN_1,7867,9070,9563,26500,17430
HGG,BraTS19_CBICA_AQP_1,20555,46588,24430,91573,44985
HGG,BraTS19_CBICA_AQQ_1,23946,30607,24262,78815,48208
HGG,BraTS19_CBICA_AQR_1,585,9079,5166,14830,5751
HGG,BraTS19_CBICA_AQT_1,9752,164048,15211,189011,24963
HGG,BraTS19_CBICA_AQV_1,6192,32835,12826,51853,19018
HGG,BraTS19_CBICA_AQY_1,20192,123059,28203,171454,48395
HGG,BraTS19_CBICA_AQZ_1,19169,67089,15158,101416,34327
HGG,BraTS19_CBICA_ARF_1,19887,35154,20908,75949,40795
HGG,BraTS19_CBICA_ARZ_1,402,17336,1412,19150,1814
HGG,BraTS19_CBICA_ASA_1,16558,40539,40108,97205,56666
HGG,BraTS19_CBICA_ASE_1,163,34822,1357,36342,1520
HGG,BraTS19_CBICA_ASG_1,30245,70436,32001,132682,62246
HGG,BraTS19_CBICA_ASK_1,1588,75783,6047,83418,7635
HGG,BraTS19_CBICA_ASN_1,35661,14747,32372,82780,68033
HGG,BraTS19_CBICA_ASO_1,4449,104016,13105,121570,17554
HGG,BraTS19_CBICA_ASU_1,5989,29065,10897,45951,16886
HGG,BraTS19_CBICA_ASW_1,6651,42928,30995,80574,37646
HGG,BraTS19_CBICA_ASY_1,6590,103227,8577,118394,15167
HGG,BraTS19_CBICA_ATB_1,8872,21364,25128,55364,34000
HGG,BraTS19_CBICA_ATD_1,3149,79370,8613,91132,11762
HGG,BraTS19_CBICA_ATP_1,901,23845,1172,25918,2073
HGG,BraTS19_CBICA_ATV_1,18358,52794,16172,87324,34530
HGG,BraTS19_CBICA_ATX_1,6878,7466,6532,20876,13410
HGG,BraTS19_CBICA_AUN_1,20008,91981,30143,142132,50151
HGG,BraTS19_CBICA_AUR_1,44601,15904,35310,95815,79911
HGG,BraTS19_CBICA_AVG_1,1034,21091,2830,24955,3864
HGG,BraTS19_CBICA_AVJ_1,6796,43785,8665,59246,15461
HGG,BraTS19_CBICA_AVV_1,13856,85940,30709,130505,44565
HGG,BraTS19_CBICA_AWH_1,19298,125081,15631,160010,34929
HGG,BraTS19_CBICA_AWI_1,22543,22544,12743,57830,35286
HGG,BraTS19_CBICA_AXJ_1,5976,135262,13041,154279,19017
HGG,BraTS19_CBICA_AXL_1,10817,40774,37598,89189,48415
HGG,BraTS19_CBICA_AXN_1,15955,38338,22496,76789,38451
HGG,BraTS19_CBICA_AXO_1,80489,69261,35387,185137,115876
HGG,BraTS19_CBICA_AXQ_1,8432,23177,10595,42204,19027
HGG,BraTS19_CBICA_AXW_1,3736,38488,7959,50183,11695
HGG,BraTS19_CBICA_AYI_1,2139,3676,1470,7285,3609
HGG,BraTS19_CBICA_AYU_1,3872,32904,6688,43464,10560
HGG,BraTS19_CBICA_AYW_1,9230,13852,8450,31532,17680
HGG,BraTS19_CBICA_AZD_1,1777,3806,4518,10101,6295
HGG,BraTS19_CBICA_BFB_1,10055,29514,17506,57075,27561
HGG,BraTS19_CBICA_BFP_1,4122,28408,3691,36221,7813
HGG,BraTS19_CBICA_BHB_1,455,20191,106,20752,561
HGG,BraTS19_CBICA_BHK_1,7110,19290,406,26806,7516
HGG,BraTS19_CBICA_ANV_1,109,111653,18581,130343,18690
HGG,BraTS19_CBICA_AOC_1,10067,11028,10964,32059,21031
HGG,BraTS19_CBICA_AOS_1,5112,120006,24476,149594,29588
HGG,BraTS19_CBICA_APK_1,10225,15560,32673,58458,42898
HGG,BraTS19_CBICA_ASR_1,160,20734,1035,21929,1195
HGG,BraTS19_CBICA_ATN_1,14829,70390,18549,103768,33378
HGG,BraTS19_CBICA_AUA_1,9263,35628,21102,65993,30365
HGG,BraTS19_CBICA_AUW_1,24770,17568,37193,79531,61963
HGG,BraTS19_CBICA_AVB_1,0,6275,1238,7513,1238
HGG,BraTS19_CBICA_AVF_1,47184,58053,30015,135252,77199
HGG,BraTS19_CBICA_AVT_1,4996,52828,13927,71751,18923
HGG,BraTS19_CBICA_AWV_1,7362,9348,7433,24143,14795
HGG,BraTS19_CBICA_AYC_1,22889,110884,35912,169685,58801
HGG,BraTS19_CBICA_AYG_1,2073,17075,5844,24992,7917
HGG,BraTS19_CBICA_BAN_1,15768,50631,41960,108359,57728
HGG,BraTS19_CBICA_BAP_1,595,24175,9541,34311,10136
HGG,BraTS19_CBICA_BBG_1,6272,72599,21853,100724,28125
HGG,BraTS19_CBICA_BCF_1,86,12890,2786,15762,2872
HGG,BraTS19_CBICA_BCL_1,8380,17392,17570,43342,25950
HGG,BraTS19_CBICA_BDK_1,20290,101897,48172,170359,68462
HGG,BraTS19_CBICA_BGE_1,27812,51348,24144,103304,51956
HGG,BraTS19_CBICA_BGG_1,5570,70876,14162,90608,19732
HGG,BraTS19_CBICA_BGN_1,16504,50391,20640,87535,37144
HGG,BraTS19_CBICA_BGO_1,2881,65434,9819,78134,12700
HGG,BraTS19_CBICA_BGT_1,3279,24445,4466,32190,7745
HGG,BraTS19_CBICA_BGW_1,32906,71184,19542,123632,52448
HGG,BraTS19_CBICA_BGX_1,15527,112429,17168,145124,32695
HGG,BraTS19_CBICA_BHQ_1,2063,10911,3611,16585,5674
HGG,BraTS19_CBICA_BHZ_1,37835,94789,42739,175363,80574
HGG,BraTS19_CBICA_BIC_1,4073,115349,31863,151285,35936
HGG,BraTS19_CBICA_BJY_1,3560,18288,16152,38000,19712
HGG,BraTS19_CBICA_BKV_1,156,37208,6204,43568,6360
HGG,BraTS19_CBICA_BNR_1,1405,50797,7133,59335,8538
HGG,BraTS19_2013_10_1,27189,53050,31485,111724,58674
HGG,BraTS19_2013_5_1,1106,53736,8219,63061,9325
HGG,BraTS19_2013_18_1,4414,148264,21250,173928,25664
HGG,BraTS19_2013_19_1,26912,35416,18354,80682,45266
HGG,BraTS19_2013_20_1,64066,109935,43379,217380,107445
HGG,BraTS19_2013_2_1,4514,34894,21677,61085,26191
HGG,BraTS19_2013_14_1,21122,129871,36577,187570,57699
HGG,BraTS19_2013_13_1,413,15607,4467,20487,4880
HGG,BraTS19_2013_7_1,20231,90806,26264,137301,46495
HGG,BraTS19_2013_25_1,8413,12494,708,21615,9121
HGG,BraTS19_2013_26_1,310,7981,4678,12969,4988
HGG,BraTS19_2013_17_1,11698,126003,60991,198692,72689
HGG,BraTS19_2013_27_1,11727,50571,20437,82735,32164
HGG,BraTS19_2013_3_1,10430,67269,23187,100886,33617
HGG,BraTS19_2013_11_1,45839,73741,19677,139257,65516
HGG,BraTS19_2013_22_1,48805,140935,67135,256875,115940
HGG,BraTS19_TMC_06290_1,5549,97158,46595,149302,52144
HGG,BraTS19_TMC_06643_1,25285,86078,38103,149466,63388
HGG,BraTS19_TMC_11964_1,15877,140402,31036,187315,46913
HGG,BraTS19_TMC_15477_1,29848,31875,32363,94086,62211
HGG,BraTS19_TMC_21360_1,11829,103461,29312,144602,41141
HGG,BraTS19_TMC_27374_1,20043,73565,27542,121150,47585
HGG,BraTS19_TMC_30014_1,7519,42498,42558,92575,50077
HGG,BraTS19_TCIA01_190_1,4349,15723,4362,24434,8711
HGG,BraTS19_TCIA01_460_1,48610,45798,33404,127812,82014
HGG,BraTS19_TCIA01_186_1,7587,34086,12114,53787,19701
HGG,BraTS19_TCIA01_429_1,7137,65653,34538,107328,41675
HGG,BraTS19_TCIA01_378_1,13188,68807,43375,125370,56563
HGG,BraTS19_TCIA01_147_1,4212,103826,35721,143759,39933
HGG,BraTS19_TCIA01_401_1,11908,160681,50410,222999,62318
HGG,BraTS19_TCIA01_448_1,8969,54524,17276,80769,26245
HGG,BraTS19_TCIA01_499_1,9905,19635,26241,55781,36146
HGG,BraTS19_TCIA01_235_1,11978,74657,13224,99859,25202
HGG,BraTS19_TCIA01_180_1,53224,76326,16944,146494,70168
HGG,BraTS19_TCIA01_131_1,3169,25665,8994,37828,12163
HGG,BraTS19_TCIA01_231_1,3277,66878,25236,95391,28513
HGG,BraTS19_TCIA01_203_1,16013,91667,79009,186689,95022
HGG,BraTS19_TCIA01_221_1,42876,59124,3852,105852,46728
HGG,BraTS19_TCIA01_411_1,204,11711,1037,12952,1241
HGG,BraTS19_TCIA01_150_1,1665,30118,35019,66802,36684
HGG,BraTS19_TCIA02_491_1,15826,83088,63709,162623,79535
HGG,BraTS19_TCIA02_331_1,736,48139,17941,66816,18677
HGG,BraTS19_TCIA02_198_1,2147,30952,9134,42233,11281
HGG,BraTS19_TCIA02_290_1,15565,80426,26938,122929,42503
HGG,BraTS19_TCIA02_314_1,18787,38607,31255,88649,50042
HGG,BraTS19_TCIA02_321_1,8759,70998,50084,129841,58843
HGG,BraTS19_TCIA02_430_1,17111,34935,39514,91560,56625
HGG,BraTS19_TCIA02_455_1,6401,68609,22125,97135,28526
HGG,BraTS19_TCIA02_226_1,326,35186,9769,45281,10095
HGG,BraTS19_TCIA02_118_1,15951,47101,87753,150805,103704
HGG,BraTS19_TCIA02_151_1,17388,72888,19875,110151,37263
HGG,BraTS19_TCIA02_300_1,39266,21634,38724,99624,77990
HGG,BraTS19_TCIA02_394_1,11141,18410,21184,50735,32325
HGG,BraTS19_TCIA02_471_1,6284,123063,38840,168187,45124
HGG,BraTS19_TCIA02_374_1,18042,59483,54064,131589,72106
HGG,BraTS19_TCIA02_135_1,3614,44701,33532,81847,37146
HGG,BraTS19_TCIA02_171_1,125,40134,4539,44798,4664
HGG,BraTS19_TCIA02_368_1,5991,133063,36248,175302,42239
HGG,BraTS19_TCIA02_608_1,18024,50981,28207,97212,46231
HGG,BraTS19_TCIA02_322_1,460,9757,8858,19075,9318
HGG,BraTS19_TCIA02_208_1,343,26327,4439,31109,4782
HGG,BraTS19_TCIA02_473_1,319,18041,5096,23456,5415
HGG,BraTS19_TCIA02_309_1,2030,31713,25463,59206,27493
HGG,BraTS19_TCIA02_607_1,24733,20156,19458,64347,44191
HGG,BraTS19_TCIA02_274_1,15982,112303,47361,175646,63343
HGG,BraTS19_TCIA02_117_1,11782,49555,18881,80218,30663
HGG,BraTS19_TCIA02_606_1,72190,84679,27851,184720,100041
HGG,BraTS19_TCIA03_121_1,4749,76402,29059,110210,33808
HGG,BraTS19_TCIA03_375_1,10058,30670,25944,66672,36002
HGG,BraTS19_TCIA03_265_1,21996,21263,17097,60356,39093
HGG,BraTS19_TCIA03_338_1,3066,10105,8813,21984,11879
HGG,BraTS19_TCIA03_498_1,7328,55793,14157,77278,21485
HGG,BraTS19_TCIA03_257_1,8884,90387,18666,117937,27550
HGG,BraTS19_TCIA03_296_1,17679,75286,68592,161557,86271
HGG,BraTS19_TCIA03_133_1,2287,19594,8609,30490,10896
HGG,BraTS19_TCIA03_419_1,35326,54288,58416,148030,93742
HGG,BraTS19_TCIA03_474_1,8971,85913,111250,206134,120221
HGG,BraTS19_TCIA04_149_1,7774,21238,40616,69628,48390
HGG,BraTS19_TCIA04_343_1,1167,46780,4951,52898,6118
HGG,BraTS19_TCIA04_479_1,6323,39147,29516,74986,35839
HGG,BraTS19_TCIA04_192_1,574,75076,15090,90740,15664
HGG,BraTS19_TCIA04_361_1,4556,87165,40450,132171,45006
HGG,BraTS19_TCIA04_328_1,7311,74917,9523,91751,16834
HGG,BraTS19_TCIA05_444_1,97830,47925,11994,157749,109824
HGG,BraTS19_TCIA05_478_1,52012,83517,65092,200621,117104
HGG,BraTS19_TCIA05_277_1,10326,112410,47182,169918,57508
HGG,BraTS19_TCIA05_396_1,9487,135912,16998,162397,26485
HGG,BraTS19_TCIA06_409_1,10590,57158,7337,75085,17927
HGG,BraTS19_TCIA06_165_1,31605,131242,5899,168746,37504
HGG,BraTS19_TCIA06_372_1,23009,156055,48062,227126,71071
HGG,BraTS19_TCIA06_247_1,8769,18711,27478,54958,36247
HGG,BraTS19_TCIA06_603_1,35617,87050,26937,149604,62554
HGG,BraTS19_TCIA06_211_1,8116,79512,69134,156762,77250
HGG,BraTS19_TCIA08_278_1,22932,21432,26417,70781,49349
HGG,BraTS19_TCIA08_105_1,32228,53697,52126,138051,84354
HGG,BraTS19_TCIA08_280_1,1590,37067,20160,58817,21750
HGG,BraTS19_TCIA08_406_1,47,70526,3218,73791,3265
HGG,BraTS19_TCIA08_218_1,3274,62021,17626,82921,20900
HGG,BraTS19_TCIA08_469_1,28927,130784,44531,204242,73458
HGG,BraTS19_TCIA08_242_1,9087,88963,58556,156606,67643
HGG,BraTS19_TCIA08_167_1,26654,57398,79560,163612,106214
HGG,BraTS19_TCIA08_205_1,48940,45957,77776,172673,126716
HGG,BraTS19_TCIA08_234_1,1523,69570,10930,82023,12453
HGG,BraTS19_TCIA08_113_1,2593,105764,10957,119314,13550
LGG,BraTS19_2013_0_1,21279,10787,17858,49924,39137
LGG,BraTS19_2013_6_1,91102,147619,9546,248267,100648
LGG,BraTS19_2013_16_1,5522,58585,0,64107,5522
LGG,BraTS19_2013_8_1,16887,8737,0,25624,16887
LGG,BraTS19_2013_24_1,43406,18340,0,61746,43406
LGG,BraTS19_2013_29_1,28736,24538,0,53274,28736
LGG,BraTS19_2013_28_1,50041,24328,5256,79625,55297
LGG,BraTS19_2013_9_1,20173,15266,0,35439,20173
LGG,BraTS19_TMC_09043_1,7965,80130,60285,148380,68250
LGG,BraTS19_TCIA09_451_1,23189,27760,224,51173,23413
LGG,BraTS19_TCIA09_254_1,77985,117448,0,195433,77985
LGG,BraTS19_TCIA09_141_1,93298,7407,89546,190251,182844
LGG,BraTS19_TCIA09_177_1,10557,24143,0,34700,10557
LGG,BraTS19_TCIA09_312_1,1501,52436,2575,56512,4076
LGG,BraTS19_TCIA09_620_1,1441,27169,1463,30073,2904
LGG,BraTS19_TCIA09_402_1,135025,27678,0,162703,135025
LGG,BraTS19_TCIA09_428_1,135,38411,691,39237,826
LGG,BraTS19_TCIA09_462_1,21802,121265,0,143067,21802
LGG,BraTS19_TCIA10_152_1,5967,72512,6642,85121,12609
LGG,BraTS19_TCIA10_393_1,138162,54457,3562,196181,141724
LGG,BraTS19_TCIA10_490_1,74556,31120,7613,113289,82169
LGG,BraTS19_TCIA10_266_1,21004,2840,0,23844,21004
LGG,BraTS19_TCIA10_449_1,2247,19499,27264,49010,29511
LGG,BraTS19_TCIA10_175_1,42264,149283,0,191547,42264
LGG,BraTS19_TCIA10_103_1,2236,213963,4085,220284,6321
LGG,BraTS19_TCIA10_109_1,57156,160981,126,218263,57282
LGG,BraTS19_TCIA10_330_1,50014,23191,3815,77020,53829
LGG,BraTS19_TCIA10_307_1,36124,46690,0,82814,36124
LGG,BraTS19_TCIA10_130_1,10250,14525,518,25293,10768
LGG,BraTS19_TCIA10_241_1,72158,72771,17176,162105,89334
LGG,BraTS19_TCIA10_413_1,24514,50352,0,74866,24514
LGG,BraTS19_TCIA10_346_1,87110,23249,659,111018,87769
LGG,BraTS19_TCIA10_387_1,65946,28431,1072,95449,67018
LGG,BraTS19_TCIA10_282_1,53557,115786,3873,173216,57430
LGG,BraTS19_TCIA10_442_1,100261,13194,2162,115617,102423
LGG,BraTS19_TCIA10_310_1,27850,3320,0,31170,27850
LGG,BraTS19_TCIA10_325_1,71627,53794,0,125421,71627
LGG,BraTS19_TCIA10_351_1,97103,83621,0,180724,97103
LGG,BraTS19_TCIA10_202_1,94173,53582,32,147787,94205
LGG,BraTS19_TCIA10_628_1,103582,51717,1976,157275,105558
LGG,BraTS19_TCIA10_625_1,93990,81377,0,175367,93990
LGG,BraTS19_TCIA10_640_1,7040,22743,540,30323,7580
LGG,BraTS19_TCIA10_644_1,65330,93209,0,158539,65330
LGG,BraTS19_TCIA10_629_1,687,23814,2810,27311,3497
LGG,BraTS19_TCIA10_632_1,22438,11679,109,34226,22547
LGG,BraTS19_TCIA10_637_1,91349,139017,1585,231951,92934
LGG,BraTS19_TCIA12_470_1,2705,14226,3794,20725,6499
LGG,BraTS19_TCIA12_298_1,83603,33391,0,116994,83603
LGG,BraTS19_TCIA12_101_1,1972,27136,8358,37466,10330
LGG,BraTS19_TCIA12_466_1,28605,36733,0,65338,28605
LGG,BraTS19_TCIA12_249_1,62001,25407,119,87527,62120
LGG,BraTS19_TCIA13_618_1,50291,18002,0,68293,50291
LGG,BraTS19_TCIA13_650_1,9634,7323,125,17082,9759
LGG,BraTS19_TCIA13_615_1,124159,0,1194,125353,125353
LGG,BraTS19_TCIA13_654_1,134624,32351,16868,183843,151492
LGG,BraTS19_TCIA13_645_1,45782,17153,0,62935,45782
LGG,BraTS19_TCIA13_630_1,32724,20901,0,53625,32724
LGG,BraTS19_TCIA13_621_1,8685,39080,2093,49858,10778
LGG,BraTS19_TCIA13_653_1,437,54079,1929,56445,2366
LGG,BraTS19_TCIA13_624_1,1012,138739,11757,151508,12769
LGG,BraTS19_TCIA13_634_1,60154,76180,0,136334,60154
